detector,x,y
0,0.024963391852243,-0.024963391852243
0,0.024963391852243,0.024963391852243
0,-0.024963391852243,0.024963391852243
0,-0.024963391852243,-0.024963391852243
